{"cameraMode":{"drawMode":0,"name":"Shaded","section":"Shading Mode"},"sceneLighting":false,"audioPlay":false,"sceneViewState":{"showFog":true,"showMaterialUpdate":false,"showSkybox":false,"showFlares":true,"showImageEffects":true,"showParticleSystems":true},"in2DMode":false,"pivot":{"x":-0.4230000078678131,"y":0.7193099856376648,"z":1.1156501770019532},"rotation":{"x":-0.2558066248893738,"y":0.20929782092571259,"z":-0.05743798613548279,"w":-0.9423098564147949},"size":0.006947729270905256,"orthographic":false}