{"cameraMode":{"drawMode":0,"name":"Shaded","section":"Shading Mode"},"sceneLighting":false,"audioPlay":false,"sceneViewState":{"showFog":true,"showMaterialUpdate":false,"showSkybox":false,"showFlares":true,"showImageEffects":true,"showParticleSystems":true},"in2DMode":false,"pivot":{"x":-24.8485107421875,"y":0.0,"z":1.5766355991363526},"rotation":{"x":-0.13018584251403809,"y":-0.13377664983272553,"z":0.017428405582904817,"w":-0.9824123382568359},"size":4.570662021636963,"orthographic":false}