{"cameraMode":{"drawMode":0,"name":"Shaded","section":"Shading Mode"},"sceneLighting":false,"audioPlay":false,"sceneViewState":{"showFog":true,"showMaterialUpdate":false,"showSkybox":false,"showFlares":true,"showImageEffects":true,"showParticleSystems":true},"in2DMode":false,"pivot":{"x":-0.00957345962524414,"y":0.4269546866416931,"z":0.3720890283584595},"rotation":{"x":-0.08651402592658997,"y":0.8442192673683167,"z":-0.14344710111618043,"w":-0.5091521739959717},"size":-0.1954706311225891,"orthographic":false}