{"cameraMode":{"drawMode":0,"name":"Shaded","section":"Shading Mode"},"sceneLighting":false,"audioPlay":false,"sceneViewState":{"showFog":true,"showMaterialUpdate":false,"showSkybox":false,"showFlares":true,"showImageEffects":true,"showParticleSystems":true},"in2DMode":false,"pivot":{"x":1.8329932689666749,"y":-1.6152920722961426,"z":0.849532961845398},"rotation":{"x":-0.26951611042022707,"y":-0.531038224697113,"z":0.1829759180545807,"w":-0.7822449207305908},"size":0.11903953552246094,"orthographic":false}